-- phpMyAdmin SQL Dump
-- version 4.6.5.2
-- https://www.phpmyadmin.net/
--
-- Host: 127.0.0.1
-- Generation Time: Feb 05, 2018 at 06:34 AM
-- Server version: 10.1.21-MariaDB
-- PHP Version: 7.1.1

SET SQL_MODE = "NO_AUTO_VALUE_ON_ZERO";
SET time_zone = "+00:00";


/*!40101 SET @OLD_CHARACTER_SET_CLIENT=@@CHARACTER_SET_CLIENT */;
/*!40101 SET @OLD_CHARACTER_SET_RESULTS=@@CHARACTER_SET_RESULTS */;
/*!40101 SET @OLD_COLLATION_CONNECTION=@@COLLATION_CONNECTION */;
/*!40101 SET NAMES utf8mb4 */;

--
-- Database: `codewell_zigzag_online_shop`
--

-- --------------------------------------------------------

--
-- Table structure for table `zigzag_attempts_admin`
--

CREATE TABLE `zigzag_attempts_admin` (
  `idATTEMPTS` int(11) NOT NULL,
  `idADMIN` int(4) NOT NULL,
  `timeATTEMPTS` varchar(30) NOT NULL
) ENGINE=InnoDB DEFAULT CHARSET=latin1;

--
-- Dumping data for table `zigzag_attempts_admin`
--

INSERT INTO `zigzag_attempts_admin` (`idATTEMPTS`, `idADMIN`, `timeATTEMPTS`) VALUES
(1, 1, '1514985318'),
(2, 1, '1514985324'),
(3, 1, '1514985329'),
(4, 1, '1515037349'),
(5, 1, '1515041683'),
(6, 1, '1515071860');

-- --------------------------------------------------------

--
-- Table structure for table `zigzag_attempts_customer`
--

CREATE TABLE `zigzag_attempts_customer` (
  `idATTEMPTS` int(11) NOT NULL,
  `idCUSTOMER` int(4) NOT NULL,
  `timeATTEMPTS` varchar(30) NOT NULL
) ENGINE=InnoDB DEFAULT CHARSET=latin1;

--
-- Dumping data for table `zigzag_attempts_customer`
--

INSERT INTO `zigzag_attempts_customer` (`idATTEMPTS`, `idCUSTOMER`, `timeATTEMPTS`) VALUES
(1, 1, '1515505063');

-- --------------------------------------------------------

--
-- Table structure for table `zigzag_barang`
--

CREATE TABLE `zigzag_barang` (
  `idBARANG` int(11) NOT NULL,
  `idCATEGORY` int(11) NOT NULL,
  `hotBARANG` int(1) NOT NULL,
  `nameBARANG` varchar(60) NOT NULL,
  `slugBARANG` varchar(80) NOT NULL,
  `priceBARANG` varchar(20) NOT NULL,
  `descBARANG` text NOT NULL,
  `materialBARANG` varchar(40) NOT NULL,
  `dimensionBARANG` varchar(20) NOT NULL,
  `weightBARANG` varchar(5) NOT NULL,
  `stockBARANG` decimal(4,0) NOT NULL,
  `codeBARANG` varchar(10) NOT NULL,
  `colorBARANG` varchar(70) NOT NULL,
  `createdateBARANG` timestamp NOT NULL DEFAULT CURRENT_TIMESTAMP,
  `updatedateBARANG` timestamp NOT NULL DEFAULT '0000-00-00 00:00:00' ON UPDATE CURRENT_TIMESTAMP
) ENGINE=InnoDB DEFAULT CHARSET=latin1;

--
-- Dumping data for table `zigzag_barang`
--

INSERT INTO `zigzag_barang` (`idBARANG`, `idCATEGORY`, `hotBARANG`, `nameBARANG`, `slugBARANG`, `priceBARANG`, `descBARANG`, `materialBARANG`, `dimensionBARANG`, `weightBARANG`, `stockBARANG`, `codeBARANG`, `colorBARANG`, `createdateBARANG`, `updatedateBARANG`) VALUES
(1, 2, 0, 'Tas Keren Amazing', 'tas-keren-amazing', '124000', '<p style=\"text-align: justify;\">Lorem ipsum dolor sit amet, consectetur adipisicing elit, sed do eiusmod tempor incididunt ut labore et dolore magna aliqua. Ut enim ad minim veniam, quis nostrud exercitation ullamco laboris nisi ut aliquip ex ea commodo consequat.&nbsp;<br /><br />Duis aute irure dolor in reprehenderit in voluptate velit esse cillum dolore eu fugiat nulla pariatur. Excepteur sint occaecat cupidatat non proident, sunt in culpa qui officia deserunt mollit anim id est laborum.</p>', 'Kulit Rusa', 'W20 x H45 x L15', '1', '12', 'LK456', 'Hitam, Putih, Abu-abu', '2018-01-07 06:26:19', '2018-01-10 01:09:01'),
(3, 14, 0, 'Amazing Bag', 'amazing-bag', '205000', '<p style=\"text-align: justify;\">Lorem ipsum dolor sit amet, consectetur adipisicing elit, sed do eiusmod tempor incididunt ut labore et dolore magna aliqua. Ut enim ad minim veniam, quis nostrud exercitation ullamco laboris nisi ut aliquip ex ea commodo consequat.&nbsp;<br /><br />Duis aute irure dolor in reprehenderit in voluptate velit esse cillum dolore eu fugiat nulla pariatur. Excepteur sint occaecat cupidatat non proident, sunt in culpa qui officia deserunt mollit anim id est laborum.</p>', 'Kulit Buaya', '12x56', '2', '10', 'LK454', 'Hitam, Orange', '2018-01-07 06:58:08', '2018-01-10 01:09:20'),
(4, 14, 1, 'Tas Ibu Sosialita', 'tas-ibu-sosialita', '760000', '<p style=\"text-align: justify;\">Lorem ipsum dolor sit amet, consectetur adipisicing elit, sed do eiusmod tempor incididunt ut labore et dolore magna aliqua. Ut enim ad minim veniam, quis nostrud exercitation ullamco laboris nisi ut aliquip ex ea commodo consequat.&nbsp;<br /><br />Duis aute irure dolor in reprehenderit in voluptate velit esse cillum dolore eu fugiat nulla pariatur. Excepteur sint occaecat cupidatat non proident, sunt in culpa qui officia deserunt mollit anim id est laborum.</p>', 'Kulit Jangek', '12x56x90', '2', '12', 'LK451', 'Merah, Biru, Putih', '2018-01-08 02:25:17', '2018-01-10 01:09:26');

-- --------------------------------------------------------

--
-- Table structure for table `zigzag_category_barang`
--

CREATE TABLE `zigzag_category_barang` (
  `idCATEGORY` int(11) NOT NULL,
  `nameCATEGORY` varchar(50) NOT NULL,
  `parentCATEGORY` int(4) NOT NULL,
  `createdateCATEGORY` timestamp NOT NULL DEFAULT CURRENT_TIMESTAMP,
  `updatedateCATEGORY` timestamp NOT NULL DEFAULT '0000-00-00 00:00:00' ON UPDATE CURRENT_TIMESTAMP
) ENGINE=InnoDB DEFAULT CHARSET=latin1;

--
-- Dumping data for table `zigzag_category_barang`
--

INSERT INTO `zigzag_category_barang` (`idCATEGORY`, `nameCATEGORY`, `parentCATEGORY`, `createdateCATEGORY`, `updatedateCATEGORY`) VALUES
(1, 'Bag', 0, '2018-01-04 13:57:06', '0000-00-00 00:00:00'),
(2, 'Pouch Bag', 1, '2018-01-04 13:58:44', '0000-00-00 00:00:00'),
(3, 'Cool Bag', 1, '2018-01-04 14:08:12', '0000-00-00 00:00:00'),
(5, 'Cooling Bag Awesome', 1, '2018-01-04 14:32:22', '2018-01-07 03:11:08'),
(6, 'Shoes', 0, '2018-01-04 14:33:05', '0000-00-00 00:00:00'),
(7, 'Lingerie', 0, '2018-01-04 14:33:11', '0000-00-00 00:00:00'),
(8, 'Shoes Keren', 6, '2018-01-04 14:34:23', '0000-00-00 00:00:00'),
(9, 'Shoes Awesome', 6, '2018-01-04 14:34:35', '0000-00-00 00:00:00'),
(10, 'Sexy Lingerie', 7, '2018-01-04 14:34:46', '0000-00-00 00:00:00'),
(11, 'Gorgeous Lingerie', 7, '2018-01-04 14:35:10', '0000-00-00 00:00:00'),
(12, 'Victoria Lingerie', 7, '2018-01-04 14:35:38', '2018-01-07 03:11:24'),
(13, 'Promo', 0, '2018-01-08 02:06:27', '0000-00-00 00:00:00'),
(14, 'Promo Discount', 13, '2018-01-08 02:24:09', '0000-00-00 00:00:00');

-- --------------------------------------------------------

--
-- Table structure for table `zigzag_city`
--

CREATE TABLE `zigzag_city` (
  `idCITY` int(11) NOT NULL,
  `idPROVINCE` int(11) NOT NULL,
  `nameCITY` varchar(70) NOT NULL,
  `createdateCITY` timestamp NOT NULL DEFAULT CURRENT_TIMESTAMP,
  `updatedateCITY` timestamp NOT NULL DEFAULT '0000-00-00 00:00:00' ON UPDATE CURRENT_TIMESTAMP,
  `statusCITY` int(1) NOT NULL
) ENGINE=InnoDB DEFAULT CHARSET=latin1;

--
-- Dumping data for table `zigzag_city`
--

INSERT INTO `zigzag_city` (`idCITY`, `idPROVINCE`, `nameCITY`, `createdateCITY`, `updatedateCITY`, `statusCITY`) VALUES
(1, 2, 'Kab. Simeulue', '2017-10-26 03:45:48', '2017-10-26 03:46:10', 1),
(2, 2, 'Kab. Aceh Singkil', '2017-10-26 03:45:48', '2017-10-26 03:46:10', 1),
(3, 2, 'Kab. Aceh Selatan', '2017-10-26 03:45:48', '2017-10-26 03:46:10', 1),
(4, 2, 'Kab. Aceh Tenggara', '2017-10-26 03:45:48', '2017-10-26 03:46:10', 1),
(5, 2, 'Kab. Aceh Timur', '2017-10-26 03:45:48', '2017-10-26 03:46:10', 1),
(6, 2, 'Kab. Aceh Tengah', '2017-10-26 03:45:48', '2017-10-26 03:46:10', 1),
(7, 2, 'Kab. Aceh Barat', '2017-10-26 03:45:48', '2017-10-26 03:46:10', 1),
(8, 2, 'Kab. Aceh Besar', '2017-10-26 03:45:48', '2017-10-26 03:46:10', 1),
(9, 2, 'Kab. Pidie', '2017-10-26 03:45:48', '2017-10-26 03:46:10', 1),
(10, 2, 'Kab. Bireuen', '2017-10-26 03:45:48', '2017-10-26 03:46:10', 1),
(11, 2, 'Kab. Aceh Utara', '2017-10-26 03:45:48', '2017-10-26 03:46:10', 1),
(12, 2, 'Kab. Aceh Barat Daya', '2017-10-26 03:45:48', '2017-10-26 03:46:10', 1),
(13, 2, 'Kab. Gayo Lues', '2017-10-26 03:45:48', '2017-10-26 03:46:10', 1),
(14, 2, 'Kab. Aceh Tamiang', '2017-10-26 03:45:48', '2017-10-26 03:46:10', 1),
(15, 2, 'Kab. Nagan Raya', '2017-10-26 03:45:48', '2017-10-26 03:46:10', 1),
(16, 2, 'Kab. Aceh Jaya', '2017-10-26 03:45:48', '2017-10-26 03:46:10', 1),
(17, 2, 'Kab. Bener Meriah', '2017-10-26 03:45:48', '2017-10-26 03:46:10', 1),
(18, 2, 'Kab. Pidie Jaya', '2017-10-26 03:45:49', '2017-10-26 03:46:10', 1),
(19, 2, 'Kota Banda Aceh', '2017-10-26 03:45:49', '2017-10-26 03:46:10', 1),
(20, 2, 'Kota Sabang', '2017-10-26 03:45:49', '2017-10-26 03:46:11', 1),
(21, 2, 'Kota Langsa', '2017-10-26 03:45:49', '2017-10-26 03:46:11', 1),
(22, 2, 'Kota Lhokseumawe', '2017-10-26 03:45:49', '2017-10-26 03:46:11', 1),
(23, 2, 'Kota Subulussalam', '2017-10-26 03:45:49', '2017-10-26 03:46:11', 1),
(24, 3, 'Kab. Nias', '2017-10-26 03:48:52', '2017-10-26 03:49:18', 1),
(25, 3, 'Kab. Mandailing Natal', '2017-10-26 03:48:52', '2017-10-26 03:49:18', 1),
(26, 3, 'Kab. Tapanuli Selatan', '2017-10-26 03:48:52', '2017-10-26 03:49:18', 1),
(27, 3, 'Kab. Tapanuli Tengah', '2017-10-26 03:48:52', '2017-10-26 03:49:18', 1),
(28, 3, 'Kab. Tapanuli Utara', '2017-10-26 03:48:52', '2017-10-26 03:49:18', 1),
(29, 3, 'Kab. Toba Samosir', '2017-10-26 03:48:52', '2017-10-26 03:49:18', 1),
(30, 3, 'Kab. Labuhan Batu', '2017-10-26 03:48:52', '2017-10-26 03:49:18', 1),
(31, 3, 'Kab. Asahan', '2017-10-26 03:48:52', '2017-10-26 03:49:18', 1),
(32, 3, 'Kab. Simalungun', '2017-10-26 03:48:52', '2017-10-26 03:49:18', 1),
(33, 3, 'Kab. Dairi', '2017-10-26 03:48:52', '2017-10-26 03:49:18', 1),
(34, 3, 'Kab. Karo', '2017-10-26 03:48:52', '2017-10-26 03:49:18', 1),
(35, 3, 'Kab. Deli Serdang', '2017-10-26 03:48:52', '2017-10-26 03:49:18', 1),
(36, 3, 'Kab. Langkat', '2017-10-26 03:48:52', '2017-10-26 03:49:19', 1),
(37, 3, 'Kab. Nias Selatan', '2017-10-26 03:48:52', '2017-10-26 03:49:19', 1),
(38, 3, 'Kab. Humbang Hasundutan', '2017-10-26 03:48:53', '2017-10-26 03:49:19', 1),
(39, 3, 'Kab. Pakpak Bharat', '2017-10-26 03:48:53', '2017-10-26 03:49:19', 1),
(40, 3, 'Kab. Samosir', '2017-10-26 03:48:53', '2017-10-26 03:49:19', 1),
(41, 3, 'Kab. Serdang Bedagai', '2017-10-26 03:48:53', '2017-10-26 03:49:19', 1),
(42, 3, 'Kab. Batu Bara', '2017-10-26 03:48:53', '2017-10-26 03:49:19', 1),
(43, 3, 'Kab. Padang Lawas Utara', '2017-10-26 03:48:53', '2017-10-26 03:49:19', 1),
(44, 3, 'Kab. Padang Lawas', '2017-10-26 03:48:53', '2017-10-26 03:49:19', 1),
(45, 3, 'Kab. Labuhan Batu Selatan', '2017-10-26 03:48:53', '2017-10-26 03:49:19', 1),
(46, 3, 'Kab. Labuhan Batu Utara', '2017-10-26 03:48:53', '2017-10-26 03:49:19', 1),
(47, 3, 'Kab. Nias Utara', '2017-10-26 03:48:53', '2017-10-26 03:49:19', 1),
(48, 3, 'Kab. Nias Barat', '2017-10-26 03:48:53', '2017-10-26 03:49:19', 1),
(49, 3, 'Kota Sibolga', '2017-10-26 03:48:53', '2017-10-26 03:49:19', 1),
(50, 3, 'Kota Tanjung Balai', '2017-10-26 03:48:53', '2017-10-26 03:49:19', 1),
(51, 3, 'Kota Pematang Siantar', '2017-10-26 03:48:53', '2017-10-26 03:49:19', 1),
(52, 3, 'Kota Tebing Tinggi', '2017-10-26 03:48:53', '2017-10-26 03:49:19', 1),
(53, 3, 'Kota Medan', '2017-10-26 03:48:53', '2017-10-26 03:49:19', 1),
(54, 3, 'Kota Binjai', '2017-10-26 03:48:53', '2017-10-26 03:49:19', 1),
(55, 3, 'Kota Padangsidimpuan', '2017-10-26 03:48:53', '2017-10-26 03:49:19', 1),
(56, 3, 'Kota Gunung sitoli', '2017-10-26 03:48:53', '2017-10-26 03:49:19', 1),
(57, 4, 'Kab. Kepulauan Mentawai', '2017-10-26 03:51:22', '0000-00-00 00:00:00', 1),
(58, 4, 'Kab. Pesisir Selatan', '2017-10-26 03:52:31', '0000-00-00 00:00:00', 1),
(59, 4, 'Kab. Solok', '2017-10-26 03:52:31', '0000-00-00 00:00:00', 1),
(60, 4, 'Kab. Sijunjung', '2017-10-26 03:52:31', '0000-00-00 00:00:00', 1),
(61, 4, 'Kab. Tanah Datar', '2017-10-26 03:52:31', '0000-00-00 00:00:00', 1),
(62, 4, 'Kab. Padang Pariaman', '2017-10-26 03:52:31', '0000-00-00 00:00:00', 1),
(63, 4, 'Kab. Agam', '2017-10-26 03:52:31', '0000-00-00 00:00:00', 1),
(64, 4, 'Kab. Lima Puluh Kota', '2017-10-26 03:52:31', '0000-00-00 00:00:00', 1),
(65, 4, 'Kab. Pasaman', '2017-10-26 03:52:31', '0000-00-00 00:00:00', 1),
(66, 4, 'Kab. Solok Selatan', '2017-10-26 03:52:31', '0000-00-00 00:00:00', 1),
(67, 4, 'Kab. Dharmasraya', '2017-10-26 03:52:31', '0000-00-00 00:00:00', 1),
(68, 4, 'Kab. Pasaman Barat', '2017-10-26 03:52:31', '0000-00-00 00:00:00', 1),
(69, 4, 'Kota Padang', '2017-10-26 03:52:31', '0000-00-00 00:00:00', 1),
(70, 4, 'Kota Solok', '2017-10-26 03:52:32', '0000-00-00 00:00:00', 1),
(71, 4, 'Kota Sawah Lunto', '2017-10-26 03:52:32', '0000-00-00 00:00:00', 1),
(72, 4, 'Kota Padang Panjang', '2017-10-26 03:52:32', '0000-00-00 00:00:00', 1),
(73, 4, 'Kota Bukittinggi', '2017-10-26 03:52:32', '0000-00-00 00:00:00', 1),
(74, 4, 'Kota Payakumbuh', '2017-10-26 03:52:32', '0000-00-00 00:00:00', 1),
(75, 4, 'Kota Pariaman', '2017-10-26 03:52:32', '0000-00-00 00:00:00', 1),
(88, 5, 'Kab. Kuantan Singingi', '2017-10-26 06:38:05', '0000-00-00 00:00:00', 1),
(89, 5, 'Kab. Indragiri Hulu', '2017-10-26 06:38:05', '0000-00-00 00:00:00', 1),
(90, 5, 'Kab. Indragiri Hilir', '2017-10-26 06:38:05', '0000-00-00 00:00:00', 1),
(91, 5, 'Kab. Pelalawan', '2017-10-26 06:38:05', '0000-00-00 00:00:00', 1),
(92, 5, 'Kab. S I A K', '2017-10-26 06:38:05', '0000-00-00 00:00:00', 1),
(93, 5, 'Kab. Kampar', '2017-10-26 06:38:05', '0000-00-00 00:00:00', 1),
(94, 5, 'Kab. Rokan Hulu', '2017-10-26 06:38:05', '0000-00-00 00:00:00', 1),
(95, 5, 'Kab. Bengkalis', '2017-10-26 06:38:05', '0000-00-00 00:00:00', 1),
(96, 5, 'Kab. Rokan Hilir', '2017-10-26 06:38:06', '0000-00-00 00:00:00', 1),
(97, 5, 'Kab. Kepulauan Meranti', '2017-10-26 06:38:06', '0000-00-00 00:00:00', 1),
(98, 5, 'Kota Pekanbaru', '2017-10-26 06:38:06', '0000-00-00 00:00:00', 1),
(99, 5, 'Kota D U M A I', '2017-10-26 06:38:06', '0000-00-00 00:00:00', 1),
(100, 6, 'Kab. Kerinci', '2017-10-26 06:40:50', '0000-00-00 00:00:00', 1),
(101, 6, 'Kab. Merangin', '2017-10-26 06:40:50', '0000-00-00 00:00:00', 1),
(102, 6, 'Kab. Sarolangun', '2017-10-26 06:40:50', '0000-00-00 00:00:00', 1),
(103, 6, 'Kab. Batang Hari', '2017-10-26 06:40:50', '0000-00-00 00:00:00', 1),
(104, 6, 'Kab. Muaro Jambi', '2017-10-26 06:40:50', '0000-00-00 00:00:00', 1),
(105, 6, 'Kab. Tanjung Jabung Timur', '2017-10-26 06:40:50', '0000-00-00 00:00:00', 1),
(106, 6, 'Kab. Tanjung Jabung Barat', '2017-10-26 06:40:50', '0000-00-00 00:00:00', 1),
(107, 6, 'Kab. Tebo', '2017-10-26 06:40:50', '0000-00-00 00:00:00', 1),
(108, 6, 'Kab. Bungo', '2017-10-26 06:40:50', '0000-00-00 00:00:00', 1),
(109, 6, 'Kota Jambi', '2017-10-26 06:40:50', '0000-00-00 00:00:00', 1),
(110, 6, 'Kota Sungai Penuh', '2017-10-26 06:40:50', '0000-00-00 00:00:00', 1),
(111, 7, 'Kab. Ogan Komering Ulu', '2017-10-26 06:48:07', '0000-00-00 00:00:00', 1),
(112, 7, 'Kab. Ogan Komering Ilir', '2017-10-26 06:48:07', '0000-00-00 00:00:00', 1),
(113, 7, 'Kab. Muara Enim', '2017-10-26 06:48:07', '0000-00-00 00:00:00', 1),
(114, 7, 'Kab. Lahat', '2017-10-26 06:48:08', '0000-00-00 00:00:00', 1),
(115, 7, 'Kab. Musi Rawas', '2017-10-26 06:48:08', '0000-00-00 00:00:00', 1),
(116, 7, 'Kab. Musi Banyuasin', '2017-10-26 06:48:08', '0000-00-00 00:00:00', 1),
(117, 7, 'Kab. Banyu Asin', '2017-10-26 06:48:08', '0000-00-00 00:00:00', 1),
(118, 7, 'Kab. Ogan Komering Ulu Selatan', '2017-10-26 06:48:08', '0000-00-00 00:00:00', 1),
(119, 7, 'Kab. Ogan Komering Ulu Timur', '2017-10-26 06:48:08', '0000-00-00 00:00:00', 1),
(120, 7, 'Kab. Ogan Ilir', '2017-10-26 06:48:08', '0000-00-00 00:00:00', 1),
(121, 7, 'Kab. Empat Lawang', '2017-10-26 06:48:08', '0000-00-00 00:00:00', 1),
(122, 7, 'Kota Palembang', '2017-10-26 06:48:08', '0000-00-00 00:00:00', 1),
(123, 7, 'Kota Prabumulih', '2017-10-26 06:48:08', '0000-00-00 00:00:00', 1),
(124, 7, 'Kota Pagar Alam', '2017-10-26 06:48:08', '0000-00-00 00:00:00', 1),
(125, 7, 'Kota Lubuklinggau', '2017-10-26 06:48:08', '0000-00-00 00:00:00', 1),
(126, 8, 'Kab. Bengkulu Selatan', '2017-10-26 06:48:08', '0000-00-00 00:00:00', 1),
(127, 8, 'Kab. Rejang Lebong', '2017-10-26 06:48:08', '0000-00-00 00:00:00', 1),
(128, 8, 'Kab. Bengkulu Utara', '2017-10-26 06:48:08', '0000-00-00 00:00:00', 1),
(129, 8, 'Kab. Kaur', '2017-10-26 06:48:08', '0000-00-00 00:00:00', 1),
(130, 8, 'Kab. Seluma', '2017-10-26 06:48:08', '0000-00-00 00:00:00', 1),
(131, 8, 'Kab. Mukomuko', '2017-10-26 06:48:09', '0000-00-00 00:00:00', 1),
(132, 8, 'Kab. Lebong', '2017-10-26 06:48:09', '0000-00-00 00:00:00', 1),
(133, 8, 'Kab. Kepahiang', '2017-10-26 06:48:09', '0000-00-00 00:00:00', 1),
(134, 8, 'Kab. Bengkulu Tengah', '2017-10-26 06:48:09', '0000-00-00 00:00:00', 1),
(135, 8, 'Kota Bengkulu', '2017-10-26 06:48:09', '0000-00-00 00:00:00', 1),
(136, 9, 'Kab. Lampung Barat', '2017-10-26 06:48:09', '0000-00-00 00:00:00', 1),
(137, 9, 'Kab. Tanggamus', '2017-10-26 06:48:09', '0000-00-00 00:00:00', 1),
(138, 9, 'Kab. Lampung Selatan', '2017-10-26 06:48:09', '0000-00-00 00:00:00', 1),
(139, 9, 'Kab. Lampung Timur', '2017-10-26 06:48:09', '0000-00-00 00:00:00', 1),
(140, 9, 'Kab. Lampung Tengah', '2017-10-26 06:48:09', '0000-00-00 00:00:00', 1),
(141, 9, 'Kab. Lampung Utara', '2017-10-26 06:48:09', '0000-00-00 00:00:00', 1),
(142, 9, 'Kab. Way Kanan', '2017-10-26 06:48:09', '0000-00-00 00:00:00', 1),
(143, 9, 'Kab. Tulangbawang', '2017-10-26 06:48:09', '0000-00-00 00:00:00', 1),
(144, 9, 'Kab. Pesawaran', '2017-10-26 06:48:09', '0000-00-00 00:00:00', 1),
(145, 9, 'Kab. Pringsewu', '2017-10-26 06:48:09', '0000-00-00 00:00:00', 1),
(146, 9, 'Kab. Mesuji', '2017-10-26 06:48:09', '0000-00-00 00:00:00', 1),
(147, 9, 'Kab. Tulang Bawang Barat', '2017-10-26 06:48:10', '0000-00-00 00:00:00', 1),
(148, 9, 'Kab. Pesisir Barat', '2017-10-26 06:48:10', '0000-00-00 00:00:00', 1),
(149, 9, 'Kota Bandar Lampung', '2017-10-26 06:48:10', '0000-00-00 00:00:00', 1),
(150, 9, 'Kota Metro', '2017-10-26 06:48:10', '0000-00-00 00:00:00', 1),
(151, 10, 'Kab. Bangka', '2017-10-26 06:48:10', '0000-00-00 00:00:00', 1),
(152, 10, 'Kab. Belitung', '2017-10-26 06:48:10', '0000-00-00 00:00:00', 1),
(153, 10, 'Kab. Bangka Barat', '2017-10-26 06:48:10', '0000-00-00 00:00:00', 1),
(154, 10, 'Kab. Bangka Tengah', '2017-10-26 06:48:10', '0000-00-00 00:00:00', 1),
(155, 10, 'Kab. Bangka Selatan', '2017-10-26 06:48:10', '0000-00-00 00:00:00', 1),
(156, 10, 'Kab. Belitung Timur', '2017-10-26 06:48:10', '0000-00-00 00:00:00', 1),
(157, 10, 'Kota Pangkal Pinang', '2017-10-26 06:48:10', '0000-00-00 00:00:00', 1),
(158, 11, 'Kab. Karimun', '2017-10-26 06:48:10', '0000-00-00 00:00:00', 1),
(159, 11, 'Kab. Bintan', '2017-10-26 06:48:10', '0000-00-00 00:00:00', 1),
(160, 11, 'Kab. Natuna', '2017-10-26 06:48:10', '0000-00-00 00:00:00', 1),
(161, 11, 'Kab. Lingga', '2017-10-26 06:48:10', '0000-00-00 00:00:00', 1),
(162, 11, 'Kab. Kepulauan Anambas', '2017-10-26 06:48:10', '0000-00-00 00:00:00', 1),
(163, 11, 'Kota Batam', '2017-10-26 06:48:10', '2017-10-26 06:57:10', 0),
(164, 11, 'Kota Tanjung Pinang', '2017-10-26 06:48:11', '0000-00-00 00:00:00', 1),
(165, 12, 'Kab. Kepulauan Seribu', '2017-10-26 06:48:11', '0000-00-00 00:00:00', 1),
(166, 12, 'Kota Jakarta Selatan', '2017-10-26 06:48:11', '0000-00-00 00:00:00', 1),
(167, 12, 'Kota Jakarta Timur', '2017-10-26 06:48:11', '0000-00-00 00:00:00', 1),
(168, 12, 'Kota Jakarta Pusat', '2017-10-26 06:48:11', '0000-00-00 00:00:00', 1),
(169, 12, 'Kota Jakarta Barat', '2017-10-26 06:48:11', '0000-00-00 00:00:00', 1),
(170, 12, 'Kota Jakarta Utara', '2017-10-26 06:48:11', '0000-00-00 00:00:00', 1),
(171, 13, 'Kab. Bogor', '2017-10-26 06:48:11', '0000-00-00 00:00:00', 1),
(172, 13, 'Kab. Sukabumi', '2017-10-26 06:48:11', '0000-00-00 00:00:00', 1),
(173, 13, 'Kab. Cianjur', '2017-10-26 06:48:11', '0000-00-00 00:00:00', 1),
(174, 13, 'Kab. Bandung', '2017-10-26 06:48:11', '0000-00-00 00:00:00', 1),
(175, 13, 'Kab. Garut', '2017-10-26 06:48:11', '0000-00-00 00:00:00', 1),
(176, 13, 'Kab. Tasikmalaya', '2017-10-26 06:48:11', '0000-00-00 00:00:00', 1),
(177, 13, 'Kab. Ciamis', '2017-10-26 06:48:11', '0000-00-00 00:00:00', 1),
(178, 13, 'Kab. Kuningan', '2017-10-26 06:48:11', '0000-00-00 00:00:00', 1),
(179, 13, 'Kab. Cirebon', '2017-10-26 06:48:11', '0000-00-00 00:00:00', 1),
(180, 13, 'Kab. Majalengka', '2017-10-26 06:48:12', '0000-00-00 00:00:00', 1),
(181, 13, 'Kab. Sumedang', '2017-10-26 06:48:12', '0000-00-00 00:00:00', 1),
(182, 13, 'Kab. Indramayu', '2017-10-26 06:48:12', '0000-00-00 00:00:00', 1),
(183, 13, 'Kab. Subang', '2017-10-26 06:48:12', '0000-00-00 00:00:00', 1),
(184, 13, 'Kab. Purwakarta', '2017-10-26 06:48:12', '0000-00-00 00:00:00', 1),
(185, 13, 'Kab. Karawang', '2017-10-26 06:48:12', '0000-00-00 00:00:00', 1),
(186, 13, 'Kab. Bekasi', '2017-10-26 06:48:12', '0000-00-00 00:00:00', 1),
(187, 13, 'Kab. Bandung Barat', '2017-10-26 06:48:12', '0000-00-00 00:00:00', 1),
(188, 13, 'Kab. Pangandaran', '2017-10-26 06:48:12', '0000-00-00 00:00:00', 1),
(189, 13, 'Kota Bogor', '2017-10-26 06:48:12', '0000-00-00 00:00:00', 1),
(190, 13, 'Kota Sukabumi', '2017-10-26 06:48:12', '0000-00-00 00:00:00', 1),
(191, 13, 'Kota Bandung', '2017-10-26 06:48:12', '0000-00-00 00:00:00', 1),
(192, 13, 'Kota Cirebon', '2017-10-26 06:48:12', '0000-00-00 00:00:00', 1),
(193, 13, 'Kota Bekasi', '2017-10-26 06:48:12', '0000-00-00 00:00:00', 1),
(194, 13, 'Kota Depok', '2017-10-26 06:48:12', '0000-00-00 00:00:00', 1),
(195, 13, 'Kota Cimahi', '2017-10-26 06:48:12', '0000-00-00 00:00:00', 1),
(196, 13, 'Kota Tasikmalaya', '2017-10-26 06:48:12', '0000-00-00 00:00:00', 1),
(197, 13, 'Kota Banjar', '2017-10-26 06:48:13', '0000-00-00 00:00:00', 1),
(198, 14, 'Kab. Cilacap', '2017-10-26 06:48:13', '0000-00-00 00:00:00', 1),
(199, 14, 'Kab. Banyumas', '2017-10-26 06:48:13', '0000-00-00 00:00:00', 1),
(200, 14, 'Kab. Purbalingga', '2017-10-26 06:48:13', '0000-00-00 00:00:00', 1),
(201, 14, 'Kab. Banjarnegara', '2017-10-26 06:48:13', '0000-00-00 00:00:00', 1),
(202, 14, 'Kab. Kebumen', '2017-10-26 06:48:13', '0000-00-00 00:00:00', 1),
(203, 14, 'Kab. Purworejo', '2017-10-26 06:48:13', '0000-00-00 00:00:00', 1),
(204, 14, 'Kab. Wonosobo', '2017-10-26 06:48:13', '0000-00-00 00:00:00', 1),
(205, 14, 'Kab. Magelang', '2017-10-26 06:48:13', '0000-00-00 00:00:00', 1),
(206, 14, 'Kab. Boyolali', '2017-10-26 06:48:13', '0000-00-00 00:00:00', 1),
(207, 14, 'Kab. Klaten', '2017-10-26 06:48:13', '0000-00-00 00:00:00', 1),
(208, 14, 'Kab. Sukoharjo', '2017-10-26 06:48:13', '0000-00-00 00:00:00', 1),
(209, 14, 'Kab. Wonogiri', '2017-10-26 06:48:13', '0000-00-00 00:00:00', 1),
(210, 14, 'Kab. Karanganyar', '2017-10-26 06:48:13', '0000-00-00 00:00:00', 1),
(211, 14, 'Kab. Sragen', '2017-10-26 06:48:13', '0000-00-00 00:00:00', 1),
(212, 14, 'Kab. Grobogan', '2017-10-26 06:48:13', '0000-00-00 00:00:00', 1),
(213, 14, 'Kab. Blora', '2017-10-26 06:48:14', '0000-00-00 00:00:00', 1),
(214, 14, 'Kab. Rembang', '2017-10-26 06:48:14', '0000-00-00 00:00:00', 1),
(215, 14, 'Kab. Pati', '2017-10-26 06:48:14', '0000-00-00 00:00:00', 1),
(216, 14, 'Kab. Kudus', '2017-10-26 06:48:14', '0000-00-00 00:00:00', 1),
(217, 14, 'Kab. Jepara', '2017-10-26 06:48:14', '0000-00-00 00:00:00', 1),
(218, 14, 'Kab. Demak', '2017-10-26 06:48:14', '0000-00-00 00:00:00', 1),
(219, 14, 'Kab. Semarang', '2017-10-26 06:48:14', '0000-00-00 00:00:00', 1),
(220, 14, 'Kab. Temanggung', '2017-10-26 06:48:14', '0000-00-00 00:00:00', 1),
(221, 14, 'Kab. Kendal', '2017-10-26 06:48:14', '0000-00-00 00:00:00', 1),
(222, 14, 'Kab. Batang', '2017-10-26 06:48:14', '0000-00-00 00:00:00', 1),
(223, 14, 'Kab. Pekalongan', '2017-10-26 06:48:14', '0000-00-00 00:00:00', 1),
(224, 14, 'Kab. Pemalang', '2017-10-26 06:48:14', '0000-00-00 00:00:00', 1),
(225, 14, 'Kab. Tegal', '2017-10-26 06:48:14', '0000-00-00 00:00:00', 1),
(226, 14, 'Kab. Brebes', '2017-10-26 06:48:14', '0000-00-00 00:00:00', 1),
(227, 14, 'Kota Magelang', '2017-10-26 06:48:14', '0000-00-00 00:00:00', 1),
(228, 14, 'Kota Surakarta', '2017-10-26 06:48:14', '0000-00-00 00:00:00', 1),
(229, 14, 'Kota Salatiga', '2017-10-26 06:48:14', '0000-00-00 00:00:00', 1),
(230, 14, 'Kota Semarang', '2017-10-26 06:48:15', '0000-00-00 00:00:00', 1),
(231, 14, 'Kota Pekalongan', '2017-10-26 06:48:15', '0000-00-00 00:00:00', 1),
(232, 14, 'Kota Tegal', '2017-10-26 06:48:15', '0000-00-00 00:00:00', 1),
(233, 15, 'Kab. Kulon Progo', '2017-10-26 06:48:15', '0000-00-00 00:00:00', 1),
(234, 15, 'Kab. Bantul', '2017-10-26 06:48:15', '0000-00-00 00:00:00', 1),
(235, 15, 'Kab. Gunung Kidul', '2017-10-26 06:48:15', '0000-00-00 00:00:00', 1),
(236, 15, 'Kab. Sleman', '2017-10-26 06:48:15', '0000-00-00 00:00:00', 1),
(237, 15, 'Kota Yogyakarta', '2017-10-26 06:48:15', '0000-00-00 00:00:00', 1),
(238, 16, 'Kab. Pacitan', '2017-10-26 06:48:15', '0000-00-00 00:00:00', 1),
(239, 16, 'Kab. Ponorogo', '2017-10-26 06:48:15', '0000-00-00 00:00:00', 1),
(240, 16, 'Kab. Trenggalek', '2017-10-26 06:48:15', '0000-00-00 00:00:00', 1),
(241, 16, 'Kab. Tulungagung', '2017-10-26 06:48:15', '0000-00-00 00:00:00', 1),
(242, 16, 'Kab. Blitar', '2017-10-26 06:48:15', '0000-00-00 00:00:00', 1),
(243, 16, 'Kab. Kediri', '2017-10-26 06:48:15', '0000-00-00 00:00:00', 1),
(244, 16, 'Kab. Malang', '2017-10-26 06:48:15', '0000-00-00 00:00:00', 1),
(245, 16, 'Kab. Lumajang', '2017-10-26 06:48:15', '0000-00-00 00:00:00', 1),
(246, 16, 'Kab. Jember', '2017-10-26 06:48:16', '0000-00-00 00:00:00', 1),
(247, 16, 'Kab. Banyuwangi', '2017-10-26 06:48:16', '0000-00-00 00:00:00', 1),
(248, 16, 'Kab. Bondowoso', '2017-10-26 06:48:16', '0000-00-00 00:00:00', 1),
(249, 16, 'Kab. Situbondo', '2017-10-26 06:48:16', '0000-00-00 00:00:00', 1),
(250, 16, 'Kab. Probolinggo', '2017-10-26 06:48:16', '0000-00-00 00:00:00', 1),
(251, 16, 'Kab. Pasuruan', '2017-10-26 06:48:16', '0000-00-00 00:00:00', 1),
(252, 16, 'Kab. Sidoarjo', '2017-10-26 06:48:16', '0000-00-00 00:00:00', 1),
(253, 16, 'Kab. Mojokerto', '2017-10-26 06:48:16', '0000-00-00 00:00:00', 1),
(254, 16, 'Kab. Jombang', '2017-10-26 06:48:16', '0000-00-00 00:00:00', 1),
(255, 16, 'Kab. Nganjuk', '2017-10-26 06:48:16', '0000-00-00 00:00:00', 1),
(256, 16, 'Kab. Madiun', '2017-10-26 06:48:16', '0000-00-00 00:00:00', 1),
(257, 16, 'Kab. Magetan', '2017-10-26 06:48:16', '0000-00-00 00:00:00', 1),
(258, 16, 'Kab. Ngawi', '2017-10-26 06:48:16', '0000-00-00 00:00:00', 1),
(259, 16, 'Kab. Bojonegoro', '2017-10-26 06:48:16', '0000-00-00 00:00:00', 1),
(260, 16, 'Kab. Tuban', '2017-10-26 06:48:16', '0000-00-00 00:00:00', 1),
(261, 16, 'Kab. Lamongan', '2017-10-26 06:48:16', '0000-00-00 00:00:00', 1),
(262, 16, 'Kab. Gresik', '2017-10-26 06:48:16', '0000-00-00 00:00:00', 1),
(263, 16, 'Kab. Bangkalan', '2017-10-26 06:48:16', '0000-00-00 00:00:00', 1),
(264, 16, 'Kab. Sampang', '2017-10-26 06:48:17', '0000-00-00 00:00:00', 1),
(265, 16, 'Kab. Pamekasan', '2017-10-26 06:48:17', '0000-00-00 00:00:00', 1),
(266, 16, 'Kab. Sumenep', '2017-10-26 06:48:17', '0000-00-00 00:00:00', 1),
(267, 16, 'Kota Kediri', '2017-10-26 06:48:17', '0000-00-00 00:00:00', 1),
(268, 16, 'Kota Blitar', '2017-10-26 06:48:17', '0000-00-00 00:00:00', 1),
(269, 16, 'Kota Malang', '2017-10-26 06:48:17', '0000-00-00 00:00:00', 1),
(270, 16, 'Kota Probolinggo', '2017-10-26 06:48:17', '0000-00-00 00:00:00', 1),
(271, 16, 'Kota Pasuruan', '2017-10-26 06:48:17', '0000-00-00 00:00:00', 1),
(272, 16, 'Kota Mojokerto', '2017-10-26 06:48:17', '0000-00-00 00:00:00', 1),
(273, 16, 'Kota Madiun', '2017-10-26 06:48:17', '0000-00-00 00:00:00', 1),
(274, 16, 'Kota Surabaya', '2017-10-26 06:48:17', '0000-00-00 00:00:00', 1),
(275, 16, 'Kota Batu', '2017-10-26 06:48:17', '0000-00-00 00:00:00', 1),
(276, 17, 'Kab. Pandeglang', '2017-10-26 06:48:17', '0000-00-00 00:00:00', 1),
(277, 17, 'Kab. Lebak', '2017-10-26 06:48:18', '0000-00-00 00:00:00', 1),
(278, 17, 'Kab. Tangerang', '2017-10-26 06:48:18', '0000-00-00 00:00:00', 1),
(279, 17, 'Kab. Serang', '2017-10-26 06:48:18', '0000-00-00 00:00:00', 1),
(280, 17, 'Kota Tangerang', '2017-10-26 06:48:18', '0000-00-00 00:00:00', 1),
(281, 17, 'Kota Cilegon', '2017-10-26 06:48:18', '0000-00-00 00:00:00', 1),
(282, 17, 'Kota Serang', '2017-10-26 06:48:18', '0000-00-00 00:00:00', 1),
(283, 17, 'Kota Tangerang Selatan', '2017-10-26 06:48:18', '0000-00-00 00:00:00', 1),
(284, 18, 'Kab. Jembrana', '2017-10-26 06:48:18', '0000-00-00 00:00:00', 1),
(285, 18, 'Kab. Tabanan', '2017-10-26 06:48:18', '0000-00-00 00:00:00', 1),
(286, 18, 'Kab. Badung', '2017-10-26 06:48:18', '0000-00-00 00:00:00', 1),
(287, 18, 'Kab. Gianyar', '2017-10-26 06:48:18', '0000-00-00 00:00:00', 1),
(288, 18, 'Kab. Klungkung', '2017-10-26 06:48:18', '0000-00-00 00:00:00', 1),
(289, 18, 'Kab. Bangli', '2017-10-26 06:48:18', '0000-00-00 00:00:00', 1),
(290, 18, 'Kab. Karang Asem', '2017-10-26 06:48:18', '0000-00-00 00:00:00', 1),
(291, 18, 'Kab. Buleleng', '2017-10-26 06:48:18', '0000-00-00 00:00:00', 1),
(292, 18, 'Kota Denpasar', '2017-10-26 06:48:18', '0000-00-00 00:00:00', 1),
(293, 19, 'Kab. Lombok Barat', '2017-10-26 06:48:18', '0000-00-00 00:00:00', 1),
(294, 19, 'Kab. Lombok Tengah', '2017-10-26 06:48:18', '0000-00-00 00:00:00', 1),
(295, 19, 'Kab. Lombok Timur', '2017-10-26 06:48:19', '0000-00-00 00:00:00', 1),
(296, 19, 'Kab. Sumbawa', '2017-10-26 06:48:19', '0000-00-00 00:00:00', 1),
(297, 19, 'Kab. Dompu', '2017-10-26 06:48:19', '0000-00-00 00:00:00', 1),
(298, 19, 'Kab. Bima', '2017-10-26 06:48:19', '0000-00-00 00:00:00', 1),
(299, 19, 'Kab. Sumbawa Barat', '2017-10-26 06:48:19', '0000-00-00 00:00:00', 1),
(300, 19, 'Kab. Lombok Utara', '2017-10-26 06:48:19', '0000-00-00 00:00:00', 1),
(301, 19, 'Kota Mataram', '2017-10-26 06:48:19', '0000-00-00 00:00:00', 1),
(302, 19, 'Kota Bima', '2017-10-26 06:48:19', '0000-00-00 00:00:00', 1),
(303, 20, 'Kab. Sumba Barat', '2017-10-26 06:48:19', '0000-00-00 00:00:00', 1),
(304, 20, 'Kab. Sumba Timur', '2017-10-26 06:48:19', '0000-00-00 00:00:00', 1),
(305, 20, 'Kab. Kupang', '2017-10-26 06:48:19', '0000-00-00 00:00:00', 1),
(306, 20, 'Kab. Timor Tengah Selatan', '2017-10-26 06:48:19', '0000-00-00 00:00:00', 1),
(307, 20, 'Kab. Timor Tengah Utara', '2017-10-26 06:48:19', '0000-00-00 00:00:00', 1),
(308, 20, 'Kab. Belu', '2017-10-26 06:48:19', '0000-00-00 00:00:00', 1),
(309, 20, 'Kab. Alor', '2017-10-26 06:48:19', '0000-00-00 00:00:00', 1),
(310, 20, 'Kab. Lembata', '2017-10-26 06:48:20', '0000-00-00 00:00:00', 1),
(311, 20, 'Kab. Flores Timur', '2017-10-26 06:48:20', '0000-00-00 00:00:00', 1),
(312, 20, 'Kab. Sikka', '2017-10-26 06:48:20', '0000-00-00 00:00:00', 1),
(313, 20, 'Kab. Ende', '2017-10-26 06:48:20', '0000-00-00 00:00:00', 1),
(314, 20, 'Kab. Ngada', '2017-10-26 06:48:20', '0000-00-00 00:00:00', 1),
(315, 20, 'Kab. Manggarai', '2017-10-26 06:48:20', '0000-00-00 00:00:00', 1),
(316, 20, 'Kab. Rote Ndao', '2017-10-26 06:48:20', '0000-00-00 00:00:00', 1),
(317, 20, 'Kab. Manggarai Barat', '2017-10-26 06:48:20', '0000-00-00 00:00:00', 1),
(318, 20, 'Kab. Sumba Tengah', '2017-10-26 06:48:20', '0000-00-00 00:00:00', 1),
(319, 20, 'Kab. Sumba Barat Daya', '2017-10-26 06:48:20', '0000-00-00 00:00:00', 1),
(320, 20, 'Kab. Nagekeo', '2017-10-26 06:48:20', '0000-00-00 00:00:00', 1),
(321, 20, 'Kab. Manggarai Timur', '2017-10-26 06:48:20', '0000-00-00 00:00:00', 1),
(322, 20, 'Kab. Sabu Raijua', '2017-10-26 06:48:20', '0000-00-00 00:00:00', 1),
(323, 20, 'Kota Kupang', '2017-10-26 06:48:20', '0000-00-00 00:00:00', 1),
(324, 21, 'Kab. Sambas', '2017-10-26 06:48:20', '0000-00-00 00:00:00', 1),
(325, 21, 'Kab. Bengkayang', '2017-10-26 06:48:20', '0000-00-00 00:00:00', 1),
(326, 21, 'Kab. Landak', '2017-10-26 06:48:20', '0000-00-00 00:00:00', 1),
(327, 21, 'Kab. Pontianak', '2017-10-26 06:48:21', '0000-00-00 00:00:00', 1),
(328, 21, 'Kab. Sanggau', '2017-10-26 06:48:21', '0000-00-00 00:00:00', 1),
(329, 21, 'Kab. Ketapang', '2017-10-26 06:48:21', '0000-00-00 00:00:00', 1),
(330, 21, 'Kab. Sintang', '2017-10-26 06:48:21', '0000-00-00 00:00:00', 1),
(331, 21, 'Kab. Kapuas Hulu', '2017-10-26 06:48:21', '0000-00-00 00:00:00', 1),
(332, 21, 'Kab. Sekadau', '2017-10-26 06:48:21', '0000-00-00 00:00:00', 1),
(333, 21, 'Kab. Melawi', '2017-10-26 06:48:21', '0000-00-00 00:00:00', 1),
(334, 21, 'Kab. Kayong Utara', '2017-10-26 06:48:21', '0000-00-00 00:00:00', 1),
(335, 21, 'Kab. Kubu Raya', '2017-10-26 06:48:21', '0000-00-00 00:00:00', 1),
(336, 21, 'Kota Pontianak', '2017-10-26 06:48:21', '0000-00-00 00:00:00', 1),
(337, 21, 'Kota Singkawang', '2017-10-26 06:48:21', '0000-00-00 00:00:00', 1),
(338, 22, 'Kab. Kotawaringin Barat', '2017-10-26 06:48:21', '0000-00-00 00:00:00', 1),
(339, 22, 'Kab. Kotawaringin Timur', '2017-10-26 06:48:21', '0000-00-00 00:00:00', 1),
(340, 22, 'Kab. Kapuas', '2017-10-26 06:48:21', '0000-00-00 00:00:00', 1),
(341, 22, 'Kab. Barito Selatan', '2017-10-26 06:48:21', '0000-00-00 00:00:00', 1),
(342, 22, 'Kab. Barito Utara', '2017-10-26 06:48:21', '0000-00-00 00:00:00', 1),
(343, 22, 'Kab. Sukamara', '2017-10-26 06:48:22', '0000-00-00 00:00:00', 1),
(344, 22, 'Kab. Lamandau', '2017-10-26 06:48:22', '0000-00-00 00:00:00', 1),
(345, 22, 'Kab. Seruyan', '2017-10-26 06:48:22', '0000-00-00 00:00:00', 1),
(346, 22, 'Kab. Katingan', '2017-10-26 06:48:22', '0000-00-00 00:00:00', 1),
(347, 22, 'Kab. Pulang Pisau', '2017-10-26 06:48:22', '0000-00-00 00:00:00', 1),
(348, 22, 'Kab. Gunung Mas', '2017-10-26 06:48:22', '0000-00-00 00:00:00', 1),
(349, 22, 'Kab. Barito Timur', '2017-10-26 06:48:22', '0000-00-00 00:00:00', 1),
(350, 22, 'Kab. Murung Raya', '2017-10-26 06:48:22', '0000-00-00 00:00:00', 1),
(351, 22, 'Kota Palangka Raya', '2017-10-26 06:48:22', '0000-00-00 00:00:00', 1),
(352, 23, 'Kab. Tanah Laut', '2017-10-26 06:48:22', '0000-00-00 00:00:00', 1),
(353, 23, 'Kab. Kota Baru', '2017-10-26 06:48:22', '0000-00-00 00:00:00', 1),
(354, 23, 'Kab. Banjar', '2017-10-26 06:48:22', '0000-00-00 00:00:00', 1),
(355, 23, 'Kab. Barito Kuala', '2017-10-26 06:48:22', '0000-00-00 00:00:00', 1),
(356, 23, 'Kab. Tapin', '2017-10-26 06:48:22', '0000-00-00 00:00:00', 1),
(357, 23, 'Kab. Hulu Sungai Selatan', '2017-10-26 06:48:22', '0000-00-00 00:00:00', 1),
(358, 23, 'Kab. Hulu Sungai Tengah', '2017-10-26 06:48:22', '0000-00-00 00:00:00', 1),
(359, 23, 'Kab. Hulu Sungai Utara', '2017-10-26 06:48:22', '0000-00-00 00:00:00', 1),
(360, 23, 'Kab. Tabalong', '2017-10-26 06:48:23', '0000-00-00 00:00:00', 1),
(361, 23, 'Kab. Tanah Bumbu', '2017-10-26 06:48:23', '0000-00-00 00:00:00', 1),
(362, 23, 'Kab. Balangan', '2017-10-26 06:48:23', '0000-00-00 00:00:00', 1),
(363, 23, 'Kota Banjarmasin', '2017-10-26 06:48:23', '0000-00-00 00:00:00', 1),
(364, 23, 'Kota Banjar Baru', '2017-10-26 06:48:23', '0000-00-00 00:00:00', 1),
(365, 24, 'Kab. Paser', '2017-10-26 06:48:23', '0000-00-00 00:00:00', 1),
(366, 24, 'Kab. Kutai Barat', '2017-10-26 06:48:23', '0000-00-00 00:00:00', 1),
(367, 24, 'Kab. Kutai Kartanegara', '2017-10-26 06:48:23', '0000-00-00 00:00:00', 1),
(368, 24, 'Kab. Kutai Timur', '2017-10-26 06:48:23', '0000-00-00 00:00:00', 1),
(369, 24, 'Kab. Berau', '2017-10-26 06:48:23', '0000-00-00 00:00:00', 1),
(370, 24, 'Kab. Penajam Paser Utara', '2017-10-26 06:48:23', '0000-00-00 00:00:00', 1),
(371, 24, 'Kota Balikpapan', '2017-10-26 06:48:23', '0000-00-00 00:00:00', 1),
(372, 24, 'Kota Samarinda', '2017-10-26 06:48:23', '0000-00-00 00:00:00', 1),
(373, 24, 'Kota Bontang', '2017-10-26 06:48:23', '0000-00-00 00:00:00', 1),
(374, 25, 'Kab. Malinau', '2017-10-26 06:48:23', '0000-00-00 00:00:00', 1),
(375, 25, 'Kab. Bulungan', '2017-10-26 06:48:23', '0000-00-00 00:00:00', 1),
(376, 25, 'Kab. Tana Tidung', '2017-10-26 06:48:23', '0000-00-00 00:00:00', 1),
(377, 25, 'Kab. Nunukan', '2017-10-26 06:48:24', '0000-00-00 00:00:00', 1),
(378, 25, 'Kota Tarakan', '2017-10-26 06:48:24', '0000-00-00 00:00:00', 1),
(379, 26, 'Kab. Bolaang Mongondow', '2017-10-26 06:48:24', '0000-00-00 00:00:00', 1),
(380, 26, 'Kab. Minahasa', '2017-10-26 06:48:24', '0000-00-00 00:00:00', 1),
(381, 26, 'Kab. Kepulauan Sangihe', '2017-10-26 06:48:24', '0000-00-00 00:00:00', 1),
(382, 26, 'Kab. Kepulauan Talaud', '2017-10-26 06:48:24', '0000-00-00 00:00:00', 1),
(383, 26, 'Kab. Minahasa Selatan', '2017-10-26 06:48:24', '0000-00-00 00:00:00', 1),
(384, 26, 'Kab. Minahasa Utara', '2017-10-26 06:48:24', '0000-00-00 00:00:00', 1),
(385, 26, 'Kab. Bolaang Mongondow Utara', '2017-10-26 06:48:24', '0000-00-00 00:00:00', 1),
(386, 26, 'Kab. Siau Tagulandang Biaro', '2017-10-26 06:48:24', '0000-00-00 00:00:00', 1),
(387, 26, 'Kab. Minahasa Tenggara', '2017-10-26 06:48:24', '0000-00-00 00:00:00', 1),
(388, 26, 'Kab. Bolaang Mongondow Selatan', '2017-10-26 06:48:24', '0000-00-00 00:00:00', 1),
(389, 26, 'Kab. Bolaang Mongondow Timur', '2017-10-26 06:48:24', '0000-00-00 00:00:00', 1),
(390, 26, 'Kota Manado', '2017-10-26 06:48:24', '0000-00-00 00:00:00', 1),
(391, 26, 'Kota Bitung', '2017-10-26 06:48:24', '0000-00-00 00:00:00', 1),
(392, 26, 'Kota Tomohon', '2017-10-26 06:48:24', '0000-00-00 00:00:00', 1),
(393, 26, 'Kota Kotamobagu', '2017-10-26 06:48:25', '0000-00-00 00:00:00', 1),
(394, 27, 'Kab. Banggai Kepulauan', '2017-10-26 06:48:25', '0000-00-00 00:00:00', 1),
(395, 27, 'Kab. Banggai', '2017-10-26 06:48:25', '0000-00-00 00:00:00', 1),
(396, 27, 'Kab. Morowali', '2017-10-26 06:48:25', '0000-00-00 00:00:00', 1),
(397, 27, 'Kab. Poso', '2017-10-26 06:48:25', '0000-00-00 00:00:00', 1),
(398, 27, 'Kab. Donggala', '2017-10-26 06:48:25', '0000-00-00 00:00:00', 1),
(399, 27, 'Kab. Toli-toli', '2017-10-26 06:48:25', '0000-00-00 00:00:00', 1),
(400, 27, 'Kab. Buol', '2017-10-26 06:48:25', '0000-00-00 00:00:00', 1),
(401, 27, 'Kab. Parigi Moutong', '2017-10-26 06:48:25', '0000-00-00 00:00:00', 1),
(402, 27, 'Kab. Tojo Una-una', '2017-10-26 06:48:25', '0000-00-00 00:00:00', 1),
(403, 27, 'Kab. Sigi', '2017-10-26 06:48:25', '0000-00-00 00:00:00', 1),
(404, 27, 'Kota Palu', '2017-10-26 06:48:25', '0000-00-00 00:00:00', 1),
(405, 28, 'Kab. Kepulauan Selayar', '2017-10-26 06:48:25', '0000-00-00 00:00:00', 1),
(406, 28, 'Kab. Bulukumba', '2017-10-26 06:48:25', '0000-00-00 00:00:00', 1),
(407, 28, 'Kab. Bantaeng', '2017-10-26 06:48:25', '0000-00-00 00:00:00', 1),
(408, 28, 'Kab. Jeneponto', '2017-10-26 06:48:26', '0000-00-00 00:00:00', 1),
(409, 28, 'Kab. Takalar', '2017-10-26 06:48:26', '0000-00-00 00:00:00', 1),
(410, 28, 'Kab. Gowa', '2017-10-26 06:48:26', '0000-00-00 00:00:00', 1),
(411, 28, 'Kab. Sinjai', '2017-10-26 06:48:26', '0000-00-00 00:00:00', 1),
(412, 28, 'Kab. Maros', '2017-10-26 06:48:26', '0000-00-00 00:00:00', 1),
(413, 28, 'Kab. Pangkajene Dan Kepulauan', '2017-10-26 06:48:26', '0000-00-00 00:00:00', 1),
(414, 28, 'Kab. Barru', '2017-10-26 06:48:26', '0000-00-00 00:00:00', 1),
(415, 28, 'Kab. Bone', '2017-10-26 06:48:26', '0000-00-00 00:00:00', 1),
(416, 28, 'Kab. Soppeng', '2017-10-26 06:48:26', '0000-00-00 00:00:00', 1),
(417, 28, 'Kab. Wajo', '2017-10-26 06:48:26', '0000-00-00 00:00:00', 1),
(418, 28, 'Kab. Sidenreng Rappang', '2017-10-26 06:48:26', '0000-00-00 00:00:00', 1),
(419, 28, 'Kab. Pinrang', '2017-10-26 06:48:26', '0000-00-00 00:00:00', 1),
(420, 28, 'Kab. Enrekang', '2017-10-26 06:48:26', '0000-00-00 00:00:00', 1),
(421, 28, 'Kab. Luwu', '2017-10-26 06:48:26', '0000-00-00 00:00:00', 1),
(422, 28, 'Kab. Tana Toraja', '2017-10-26 06:48:26', '0000-00-00 00:00:00', 1),
(423, 28, 'Kab. Luwu Utara', '2017-10-26 06:48:26', '0000-00-00 00:00:00', 1),
(424, 28, 'Kab. Luwu Timur', '2017-10-26 06:48:27', '0000-00-00 00:00:00', 1),
(425, 28, 'Kab. Toraja Utara', '2017-10-26 06:48:27', '0000-00-00 00:00:00', 1),
(426, 28, 'Kota Makassar', '2017-10-26 06:48:27', '0000-00-00 00:00:00', 1),
(427, 28, 'Kota Parepare', '2017-10-26 06:48:27', '0000-00-00 00:00:00', 1),
(428, 28, 'Kota Palopo', '2017-10-26 06:48:27', '0000-00-00 00:00:00', 1),
(429, 29, 'Kab. Buton', '2017-10-26 06:48:27', '0000-00-00 00:00:00', 1),
(430, 29, 'Kab. Muna', '2017-10-26 06:48:27', '0000-00-00 00:00:00', 1),
(431, 29, 'Kab. Konawe', '2017-10-26 06:48:27', '0000-00-00 00:00:00', 1),
(432, 29, 'Kab. Kolaka', '2017-10-26 06:48:27', '0000-00-00 00:00:00', 1),
(433, 29, 'Kab. Konawe Selatan', '2017-10-26 06:48:27', '0000-00-00 00:00:00', 1),
(434, 29, 'Kab. Bombana', '2017-10-26 06:48:27', '0000-00-00 00:00:00', 1),
(435, 29, 'Kab. Wakatobi', '2017-10-26 06:48:27', '0000-00-00 00:00:00', 1),
(436, 29, 'Kab. Kolaka Utara', '2017-10-26 06:48:27', '0000-00-00 00:00:00', 1),
(437, 29, 'Kab. Buton Utara', '2017-10-26 06:48:27', '0000-00-00 00:00:00', 1),
(438, 29, 'Kab. Konawe Utara', '2017-10-26 06:48:27', '0000-00-00 00:00:00', 1),
(439, 29, 'Kota Kendari', '2017-10-26 06:48:28', '0000-00-00 00:00:00', 1),
(440, 29, 'Kota Baubau', '2017-10-26 06:48:28', '0000-00-00 00:00:00', 1),
(441, 30, 'Kab. Boalemo', '2017-10-26 06:48:28', '0000-00-00 00:00:00', 1),
(442, 30, 'Kab. Gorontalo', '2017-10-26 06:48:28', '0000-00-00 00:00:00', 1),
(443, 30, 'Kab. Pohuwato', '2017-10-26 06:48:28', '0000-00-00 00:00:00', 1),
(444, 30, 'Kab. Bone Bolango', '2017-10-26 06:48:28', '0000-00-00 00:00:00', 1),
(445, 30, 'Kab. Gorontalo Utara', '2017-10-26 06:48:28', '0000-00-00 00:00:00', 1),
(446, 30, 'Kota Gorontalo', '2017-10-26 06:48:28', '0000-00-00 00:00:00', 1),
(447, 31, 'Kab. Majene', '2017-10-26 06:48:28', '0000-00-00 00:00:00', 1),
(448, 31, 'Kab. Polewali Mandar', '2017-10-26 06:48:28', '0000-00-00 00:00:00', 1),
(449, 31, 'Kab. Mamasa', '2017-10-26 06:48:28', '0000-00-00 00:00:00', 1),
(450, 31, 'Kab. Mamuju', '2017-10-26 06:48:28', '0000-00-00 00:00:00', 1),
(451, 31, 'Kab. Mamuju Utara', '2017-10-26 06:48:28', '0000-00-00 00:00:00', 1),
(452, 32, 'Kab. Maluku Tenggara Barat', '2017-10-26 06:48:28', '0000-00-00 00:00:00', 1),
(453, 32, 'Kab. Maluku Tenggara', '2017-10-26 06:48:28', '0000-00-00 00:00:00', 1),
(454, 32, 'Kab. Maluku Tengah', '2017-10-26 06:48:29', '0000-00-00 00:00:00', 1),
(455, 32, 'Kab. Buru', '2017-10-26 06:48:29', '0000-00-00 00:00:00', 1),
(456, 32, 'Kab. Kepulauan Aru', '2017-10-26 06:48:29', '0000-00-00 00:00:00', 1),
(457, 32, 'Kab. Seram Bagian Barat', '2017-10-26 06:48:29', '0000-00-00 00:00:00', 1),
(458, 32, 'Kab. Seram Bagian Timur', '2017-10-26 06:48:29', '0000-00-00 00:00:00', 1),
(459, 32, 'Kab. Maluku Barat Daya', '2017-10-26 06:48:29', '0000-00-00 00:00:00', 1),
(460, 32, 'Kab. Buru Selatan', '2017-10-26 06:48:29', '0000-00-00 00:00:00', 1),
(461, 32, 'Kota Ambon', '2017-10-26 06:48:29', '0000-00-00 00:00:00', 1),
(462, 32, 'Kota Tual', '2017-10-26 06:48:29', '0000-00-00 00:00:00', 1),
(463, 33, 'Kab. Halmahera Barat', '2017-10-26 06:48:29', '0000-00-00 00:00:00', 1),
(464, 33, 'Kab. Halmahera Tengah', '2017-10-26 06:48:29', '0000-00-00 00:00:00', 1),
(465, 33, 'Kab. Kepulauan Sula', '2017-10-26 06:48:29', '0000-00-00 00:00:00', 1),
(466, 33, 'Kab. Halmahera Selatan', '2017-10-26 06:48:29', '0000-00-00 00:00:00', 1),
(467, 33, 'Kab. Halmahera Utara', '2017-10-26 06:48:29', '0000-00-00 00:00:00', 1),
(468, 33, 'Kab. Halmahera Timur', '2017-10-26 06:48:29', '0000-00-00 00:00:00', 1),
(469, 33, 'Kab. Pulau Morotai', '2017-10-26 06:48:29', '0000-00-00 00:00:00', 1),
(470, 33, 'Kota Ternate', '2017-10-26 06:48:29', '0000-00-00 00:00:00', 1),
(471, 33, 'Kota Tidore Kepulauan', '2017-10-26 06:48:30', '0000-00-00 00:00:00', 1),
(472, 34, 'Kab. Fakfak', '2017-10-26 06:48:30', '0000-00-00 00:00:00', 1),
(473, 34, 'Kab. Kaimana', '2017-10-26 06:48:30', '0000-00-00 00:00:00', 1),
(474, 34, 'Kab. Teluk Wondama', '2017-10-26 06:48:30', '0000-00-00 00:00:00', 1),
(475, 34, 'Kab. Teluk Bintuni', '2017-10-26 06:48:30', '0000-00-00 00:00:00', 1),
(476, 34, 'Kab. Manokwari', '2017-10-26 06:48:30', '0000-00-00 00:00:00', 1),
(477, 34, 'Kab. Sorong Selatan', '2017-10-26 06:48:30', '0000-00-00 00:00:00', 1),
(478, 34, 'Kab. Sorong', '2017-10-26 06:48:30', '0000-00-00 00:00:00', 1),
(479, 34, 'Kab. Raja Ampat', '2017-10-26 06:48:30', '0000-00-00 00:00:00', 1),
(480, 34, 'Kab. Tambrauw', '2017-10-26 06:48:30', '0000-00-00 00:00:00', 1),
(481, 34, 'Kab. Maybrat', '2017-10-26 06:48:30', '0000-00-00 00:00:00', 1),
(482, 34, 'Kota Sorong', '2017-10-26 06:48:30', '0000-00-00 00:00:00', 1),
(483, 35, 'Kab. Merauke', '2017-10-26 06:48:30', '0000-00-00 00:00:00', 1),
(484, 35, 'Kab. Jayawijaya', '2017-10-26 06:48:30', '0000-00-00 00:00:00', 1),
(485, 35, 'Kab. Jayapura', '2017-10-26 06:48:31', '0000-00-00 00:00:00', 1),
(486, 35, 'Kab. Nabire', '2017-10-26 06:48:31', '0000-00-00 00:00:00', 1),
(487, 35, 'Kab. Kepulauan Yapen', '2017-10-26 06:48:31', '0000-00-00 00:00:00', 1),
(488, 35, 'Kab. Biak Numfor', '2017-10-26 06:48:31', '0000-00-00 00:00:00', 1),
(489, 35, 'Kab. Paniai', '2017-10-26 06:48:31', '0000-00-00 00:00:00', 1),
(490, 35, 'Kab. Puncak Jaya', '2017-10-26 06:48:31', '0000-00-00 00:00:00', 1),
(491, 35, 'Kab. Mimika', '2017-10-26 06:48:31', '0000-00-00 00:00:00', 1),
(492, 35, 'Kab. Boven Digoel', '2017-10-26 06:48:31', '0000-00-00 00:00:00', 1),
(493, 35, 'Kab. Mappi', '2017-10-26 06:48:31', '0000-00-00 00:00:00', 1),
(494, 35, 'Kab. Asmat', '2017-10-26 06:48:31', '0000-00-00 00:00:00', 1),
(495, 35, 'Kab. Yahukimo', '2017-10-26 06:48:31', '0000-00-00 00:00:00', 1),
(496, 35, 'Kab. Pegunungan Bintang', '2017-10-26 06:48:31', '0000-00-00 00:00:00', 1),
(497, 35, 'Kab. Tolikara', '2017-10-26 06:48:31', '0000-00-00 00:00:00', 1),
(498, 35, 'Kab. Sarmi', '2017-10-26 06:48:31', '0000-00-00 00:00:00', 1),
(499, 35, 'Kab. Keerom', '2017-10-26 06:48:31', '0000-00-00 00:00:00', 1),
(500, 35, 'Kab. Waropen', '2017-10-26 06:48:31', '0000-00-00 00:00:00', 1),
(501, 35, 'Kab. Supiori', '2017-10-26 06:48:32', '0000-00-00 00:00:00', 1),
(502, 35, 'Kab. Mamberamo Raya', '2017-10-26 06:48:32', '0000-00-00 00:00:00', 1),
(503, 35, 'Kab. Nduga', '2017-10-26 06:48:32', '0000-00-00 00:00:00', 1),
(504, 35, 'Kab. Lanny Jaya', '2017-10-26 06:48:32', '0000-00-00 00:00:00', 1),
(505, 35, 'Kab. Mamberamo Tengah', '2017-10-26 06:48:32', '0000-00-00 00:00:00', 1),
(506, 35, 'Kab. Yalimo', '2017-10-26 06:48:32', '0000-00-00 00:00:00', 1),
(507, 35, 'Kab. Puncak', '2017-10-26 06:48:32', '0000-00-00 00:00:00', 1),
(508, 35, 'Kab. Dogiyai', '2017-10-26 06:48:32', '0000-00-00 00:00:00', 1),
(509, 35, 'Kab. Intan Jaya', '2017-10-26 06:48:32', '0000-00-00 00:00:00', 1),
(510, 35, 'Kab. Deiyai', '2017-10-26 06:48:32', '0000-00-00 00:00:00', 1),
(511, 35, 'Kota Jayapura', '2017-10-26 06:48:32', '0000-00-00 00:00:00', 1),
(512, 30, 'Sempardak', '2018-01-09 08:31:16', '0000-00-00 00:00:00', 0);

-- --------------------------------------------------------

--
-- Table structure for table `zigzag_customer`
--

CREATE TABLE `zigzag_customer` (
  `idCUSTOMER` int(11) NOT NULL,
  `nameCUSTOMER` varchar(80) NOT NULL,
  `emailCUSTOMER` varchar(120) NOT NULL,
  `passwordCUSTOMER` varchar(129) NOT NULL,
  `addressCUSTOMER` text NOT NULL,
  `cityCUSTOMER` int(11) NOT NULL,
  `zipCUSTOMER` varchar(8) NOT NULL,
  `teleCUSTOMER` varchar(16) NOT NULL,
  `skCUSTOMER` int(1) NOT NULL,
  `loginwithCUSTOMER` int(1) NOT NULL COMMENT '1 = web\r\n2 = facebook',
  `statusCUSTOMER` int(1) NOT NULL,
  `createdateCUSTOMER` timestamp NOT NULL DEFAULT CURRENT_TIMESTAMP,
  `updatedateCUSTOMER` timestamp NOT NULL DEFAULT '0000-00-00 00:00:00' ON UPDATE CURRENT_TIMESTAMP
) ENGINE=InnoDB DEFAULT CHARSET=latin1;

--
-- Dumping data for table `zigzag_customer`
--

INSERT INTO `zigzag_customer` (`idCUSTOMER`, `nameCUSTOMER`, `emailCUSTOMER`, `passwordCUSTOMER`, `addressCUSTOMER`, `cityCUSTOMER`, `zipCUSTOMER`, `teleCUSTOMER`, `skCUSTOMER`, `loginwithCUSTOMER`, `statusCUSTOMER`, `createdateCUSTOMER`, `updatedateCUSTOMER`) VALUES
(1, 'Andhana Utama', 'andhanautama@rocketmail.com', '36058af17748bfdc353e55e02ffc62e180630448bb0e094658b9919b11b78ce7cd296116fa0031eb8e2a6484cbf698951ad6f9014bfc3df45d3f83e0b0c8bd06', 'Tiban Koperasi Blok T No. 34', 0, '29432', '082161735453', 1, 2, 1, '2018-02-05 03:48:16', '2018-02-05 04:10:53');

-- --------------------------------------------------------

--
-- Table structure for table `zigzag_menus_admin`
--

CREATE TABLE `zigzag_menus_admin` (
  `idMENU` int(11) NOT NULL,
  `namaMENU` varchar(45) NOT NULL,
  `iconMENU` varchar(45) NOT NULL,
  `functionMENU` varchar(45) NOT NULL,
  `parentMENU` int(11) NOT NULL DEFAULT '0',
  `statusMENU` int(11) NOT NULL DEFAULT '1',
  `createdateMENU` timestamp NOT NULL DEFAULT CURRENT_TIMESTAMP
) ENGINE=InnoDB DEFAULT CHARSET=utf8;

--
-- Dumping data for table `zigzag_menus_admin`
--

INSERT INTO `zigzag_menus_admin` (`idMENU`, `namaMENU`, `iconMENU`, `functionMENU`, `parentMENU`, `statusMENU`, `createdateMENU`) VALUES
(1, 'Dashboard', 'dashboard', 'dashboard', 0, 1, '2018-01-03 12:47:51'),
(3, 'Beranda', 'dashboard', 'index_dashboard', 1, 1, '2018-01-03 12:48:01'),
(4, 'Customer', 'verified_user', 'customer', 0, 1, '2017-10-25 12:37:33'),
(5, 'Daftar Customer', 'verified_user', 'index_customer', 4, 1, '2017-10-25 12:37:55'),
(6, 'User Admin', 'supervisor_account', 'user', 0, 1, '2017-12-17 01:38:33'),
(7, 'Daftar Admin', 'supervisor_account', 'index_user_admin', 6, 1, '2017-12-17 01:38:34'),
(8, 'Menu', 'loyalty', 'menu_admin', 0, 1, '2017-12-17 02:02:37'),
(9, 'Daftar Menu', 'loyalty', 'index_menu', 8, 1, '2017-12-17 02:02:47'),
(10, 'Activity Record', 'timeline', 'activity', 0, 1, '2018-01-04 04:56:06'),
(11, 'Daftar Activity', 'timeline', 'index_activity', 10, 1, '2018-01-04 04:56:46'),
(12, 'Slider', 'slideshow', 'slider', 0, 1, '2018-01-04 08:01:34'),
(13, 'Daftar Slider', 'slideshow', 'index_slider', 12, 1, '2018-01-04 08:01:55'),
(14, 'Barang', 'card_giftcard', 'barang', 0, 1, '2018-01-04 13:48:36'),
(15, 'Daftar Barang', 'card_giftcard', 'index_barang', 14, 1, '2018-01-04 13:49:00'),
(16, 'Kategori Barang', 'card_giftcard', 'index_category_barang', 14, 1, '2018-01-04 13:52:25'),
(17, 'Tambah Barang', 'card_giftcard', 'add_barang', 14, 1, '2018-01-07 05:21:13'),
(18, 'Province & City', 'location_city', 'location', 0, 1, '2018-01-09 07:57:28'),
(19, 'Province', 'location_city', 'index_province', 18, 1, '2018-01-09 07:57:46'),
(20, 'City', 'location_city', 'index_city', 18, 1, '2018-01-09 07:58:00');

-- --------------------------------------------------------

--
-- Table structure for table `zigzag_menus_admin_join_users_admin`
--

CREATE TABLE `zigzag_menus_admin_join_users_admin` (
  `idMENUSJOINADMIN` int(11) NOT NULL,
  `idADMIN` int(11) NOT NULL,
  `idMENU` int(11) NOT NULL
) ENGINE=InnoDB DEFAULT CHARSET=latin1;

--
-- Dumping data for table `zigzag_menus_admin_join_users_admin`
--

INSERT INTO `zigzag_menus_admin_join_users_admin` (`idMENUSJOINADMIN`, `idADMIN`, `idMENU`) VALUES
(1, 1, 1),
(2, 1, 3),
(3, 1, 4),
(4, 1, 5),
(5, 1, 6),
(6, 1, 7),
(7, 1, 8),
(8, 1, 9),
(9, 1, 10),
(10, 1, 11),
(11, 1, 12),
(12, 1, 13),
(13, 1, 14),
(14, 1, 15),
(15, 1, 16),
(16, 1, 17),
(17, 1, 18),
(18, 1, 19),
(19, 1, 20);

-- --------------------------------------------------------

--
-- Table structure for table `zigzag_province`
--

CREATE TABLE `zigzag_province` (
  `idPROVINCE` int(11) NOT NULL,
  `namePROVINCE` varchar(70) NOT NULL,
  `createdatePROVINCE` timestamp NOT NULL DEFAULT CURRENT_TIMESTAMP,
  `updatedatePROVINCE` timestamp NOT NULL DEFAULT '0000-00-00 00:00:00' ON UPDATE CURRENT_TIMESTAMP,
  `statusPROVINCE` int(1) NOT NULL DEFAULT '1'
) ENGINE=InnoDB DEFAULT CHARSET=latin1;

--
-- Dumping data for table `zigzag_province`
--

INSERT INTO `zigzag_province` (`idPROVINCE`, `namePROVINCE`, `createdatePROVINCE`, `updatedatePROVINCE`, `statusPROVINCE`) VALUES
(1, 'INDONESIA', '2017-10-26 02:30:11', '2017-10-26 02:51:54', 1),
(2, 'Aceh', '2017-10-26 02:43:13', '2018-01-09 08:14:02', 1),
(3, 'Sumatera Utara', '2017-10-26 02:43:13', '0000-00-00 00:00:00', 1),
(4, 'Sumatera Barat', '2017-10-26 02:43:13', '0000-00-00 00:00:00', 1),
(5, 'Riau', '2017-10-26 02:43:13', '0000-00-00 00:00:00', 1),
(6, 'Jambi', '2017-10-26 02:43:13', '0000-00-00 00:00:00', 1),
(7, 'Sumatera Selatan', '2017-10-26 02:43:13', '0000-00-00 00:00:00', 1),
(8, 'Bengkulu', '2017-10-26 02:43:13', '0000-00-00 00:00:00', 1),
(9, 'Lampung', '2017-10-26 02:43:13', '0000-00-00 00:00:00', 1),
(10, 'Kepulauan Bangka Belitung', '2017-10-26 02:43:13', '0000-00-00 00:00:00', 1),
(11, 'Kepulauan Riau', '2017-10-26 02:43:13', '0000-00-00 00:00:00', 1),
(12, 'Dki Jakarta', '2017-10-26 02:43:13', '0000-00-00 00:00:00', 1),
(13, 'Jawa Barat', '2017-10-26 02:43:13', '0000-00-00 00:00:00', 1),
(14, 'Jawa Tengah', '2017-10-26 02:43:14', '0000-00-00 00:00:00', 1),
(15, 'DI Yogyakarta', '2017-10-26 02:43:14', '2017-10-26 02:47:51', 1),
(16, 'Jawa Timur', '2017-10-26 02:43:14', '0000-00-00 00:00:00', 1),
(17, 'Banten', '2017-10-26 02:43:14', '0000-00-00 00:00:00', 1),
(18, 'Bali', '2017-10-26 02:43:14', '0000-00-00 00:00:00', 1),
(19, 'Nusa Tenggara Barat', '2017-10-26 02:43:14', '0000-00-00 00:00:00', 1),
(20, 'Nusa Tenggara Timur', '2017-10-26 02:43:14', '0000-00-00 00:00:00', 1),
(21, 'Kalimantan Barat', '2017-10-26 02:43:14', '0000-00-00 00:00:00', 1),
(22, 'Kalimantan Tengah', '2017-10-26 02:43:14', '0000-00-00 00:00:00', 1),
(23, 'Kalimantan Selatan', '2017-10-26 02:43:14', '0000-00-00 00:00:00', 1),
(24, 'Kalimantan Timur', '2017-10-26 02:43:14', '0000-00-00 00:00:00', 1),
(25, 'Kalimantan Utara', '2017-10-26 02:43:14', '0000-00-00 00:00:00', 1),
(26, 'Sulawesi Utara', '2017-10-26 02:43:14', '0000-00-00 00:00:00', 1),
(27, 'Sulawesi Tengah', '2017-10-26 02:43:14', '0000-00-00 00:00:00', 1),
(28, 'Sulawesi Selatan', '2017-10-26 02:43:14', '0000-00-00 00:00:00', 1),
(29, 'Sulawesi Tenggara', '2017-10-26 02:43:14', '0000-00-00 00:00:00', 1),
(30, 'Gorontalo', '2017-10-26 02:43:14', '0000-00-00 00:00:00', 1),
(31, 'Sulawesi Barat', '2017-10-26 02:43:14', '0000-00-00 00:00:00', 1),
(32, 'Maluku', '2017-10-26 02:43:14', '0000-00-00 00:00:00', 1),
(33, 'Maluku Utara', '2017-10-26 02:43:15', '0000-00-00 00:00:00', 1),
(34, 'Papua Barat', '2017-10-26 02:43:15', '0000-00-00 00:00:00', 1),
(35, 'Papua', '2017-10-26 02:43:15', '0000-00-00 00:00:00', 1);

-- --------------------------------------------------------

--
-- Table structure for table `zigzag_sessions`
--

CREATE TABLE `zigzag_sessions` (
  `id` varchar(128) NOT NULL,
  `ip_address` varchar(45) NOT NULL,
  `timestamp` int(10) UNSIGNED NOT NULL DEFAULT '0',
  `data` blob NOT NULL
) ENGINE=InnoDB DEFAULT CHARSET=latin1;

--
-- Dumping data for table `zigzag_sessions`
--

INSERT INTO `zigzag_sessions` (`id`, `ip_address`, `timestamp`, `data`) VALUES
('161id6nlkkbj4lo92sf27b723lmhdg0h', '::1', 1517808819, 0x5f5f63695f6c6173745f726567656e65726174657c693a313531373830383831313b4642524c485f73746174657c733a33323a223836656632623665313566396462316339333432656534336366613636646366223b),
('85l8hkjjcca073pa8nv27v6ioe04etb0', '::1', 1517803123, 0x5f5f63695f6c6173745f726567656e65726174657c693a313531373830333132333b4642524c485f73746174657c733a33323a223666363365363163653565313832643534356131383635613838613866343231223b66625f6578706972657c693a313532323938363137373b66625f6163636573735f746f6b656e7c733a3138323a2245414148716379584e335038424150596e474e586b48585a4261373476683031796e41413379335141456e53645a434b34506f6a483239546868656a325058354e4b7732356149396f51797669486d39454b6f3443526d39424b463769737733557464687936327359754754696632443242484e516435547455765a434163417053696d784d496d65314232496a455179505a414949494763414f31676f4a5977324d65524b72444c315736726d525a426765766d63223b456d61696c7c733a32373a22616e6468616e617574616d6140726f636b65746d61696c2e636f6d223b6964435553544f4d45527c693a313b4e616d657c733a31333a22416e6468616e61205574616d61223b6c6f67676564696e7c623a313b),
('allp69ijd631rae7t4qsg81j970r1p7d', '::1', 1517803448, 0x5f5f63695f6c6173745f726567656e65726174657c693a313531373830333434383b4642524c485f73746174657c733a33323a226438366234383732616232646231653464663338633938336538323831663061223b66625f6578706972657c693a313532323938363137373b66625f6163636573735f746f6b656e7c733a3138323a2245414148716379584e335038424150596e474e586b48585a4261373476683031796e41413379335141456e53645a434b34506f6a483239546868656a325058354e4b7732356149396f51797669486d39454b6f3443526d39424b463769737733557464687936327359754754696632443242484e516435547455765a434163417053696d784d496d65314232496a455179505a414949494763414f31676f4a5977324d65524b72444c315736726d525a426765766d63223b456d61696c7c733a32373a22616e6468616e617574616d6140726f636b65746d61696c2e636f6d223b6964435553544f4d45527c693a313b4e616d657c733a31333a22416e6468616e61205574616d61223b6c6f67676564696e7c623a313b),
('bcl6ja93hm6or8g2hf3gqfdsp5hiut65', '::1', 1517804228, 0x5f5f63695f6c6173745f726567656e65726174657c693a313531373830343232383b4642524c485f73746174657c733a33323a223931653137353933666536373261313536396464626230383839333065666332223b66625f6578706972657c693a313532323938363137373b66625f6163636573735f746f6b656e7c733a3138393a2245414148716379584e33503842414e656464585a415a416e4d70564d5559654d6d7171724d5055394361706552326b454b46753076623531567655374c705343616146747a725a417857336f766948485052586e39736935317143307036795359324253365a43585a434b33305137737a65494b5a41764162454a5a4364655a416441394b7a5535526a73774e534e35343665624b63324e7539576e3945676e5a4256754d5a42694c415a43526d7831534f4f32787861526b465a436f223b456d61696c7c733a32373a22616e6468616e617574616d6140726f636b65746d61696c2e636f6d223b6964435553544f4d45527c733a313a2231223b70726f66696c655f706963747572657c733a3234383a2268747470733a2f2f73636f6e74656e742e78782e666263646e2e6e65742f762f74312e302d312f7035307835302f32313734303532395f313434393439303335353134323135385f313732323037363231303138363136383136345f6e2e6a70673f5f6e635f657569323d76312533414165474d545a456a6a7272714d3039616d52644b53367656613554325a45633932754e67524f4c396f635854707531456474654b6178344d5f5f7a394e36554165354e376c75336d6c617576464e674253474a2d53564f43266f683d3265623634633663323230343164333364663238366230643566646233333836266f653d3541453643343239223b4e616d657c733a31333a22416e6468616e61205574616d61223b6c6f67676564696e7c623a313b),
('cpskdm8ceggdr8hb6hpq4v0uoklhb0ig', '::1', 1517808811, 0x5f5f63695f6c6173745f726567656e65726174657c693a313531373830383831313b4642524c485f73746174657c733a33323a223032333635663738366135613238323763643835333461373036613930386235223b),
('jfekkk88jq6160u64onbs6e6s8oicic4', '::1', 1517801874, 0x5f5f63695f6c6173745f726567656e65726174657c693a313531373830313837343b4642524c485f73746174657c733a33323a223937333834386633313836626137386266623534626233616466663738373166223b),
('mcgmmdh964sbn7of0i1b3vmequfvcgt3', '::1', 1517803784, 0x5f5f63695f6c6173745f726567656e65726174657c693a313531373830333738343b4642524c485f73746174657c733a33323a223931313864613238656365653633333565373839653261376363636139363434223b66625f6578706972657c693a313532323938363137373b66625f6163636573735f746f6b656e7c733a3138323a2245414148716379584e335038424150596e474e586b48585a4261373476683031796e41413379335141456e53645a434b34506f6a483239546868656a325058354e4b7732356149396f51797669486d39454b6f3443526d39424b463769737733557464687936327359754754696632443242484e516435547455765a434163417053696d784d496d65314232496a455179505a414949494763414f31676f4a5977324d65524b72444c315736726d525a426765766d63223b456d61696c7c733a32373a22616e6468616e617574616d6140726f636b65746d61696c2e636f6d223b6964435553544f4d45527c693a313b4e616d657c733a31333a22416e6468616e61205574616d61223b6c6f67676564696e7c623a313b),
('prr18o7h4i6fpu3prr1d1r9a787l782q', '::1', 1517799695, 0x5f5f63695f6c6173745f726567656e65726174657c693a313531373739393639353b);

-- --------------------------------------------------------

--
-- Table structure for table `zigzag_slider`
--

CREATE TABLE `zigzag_slider` (
  `idSLIDER` int(11) NOT NULL,
  `titleSLIDER` varchar(255) NOT NULL,
  `createdateSLIDER` timestamp NOT NULL DEFAULT CURRENT_TIMESTAMP,
  `updatedateSLIDER` timestamp NOT NULL DEFAULT '0000-00-00 00:00:00' ON UPDATE CURRENT_TIMESTAMP
) ENGINE=InnoDB DEFAULT CHARSET=latin1;

--
-- Dumping data for table `zigzag_slider`
--

INSERT INTO `zigzag_slider` (`idSLIDER`, `titleSLIDER`, `createdateSLIDER`, `updatedateSLIDER`) VALUES
(1, 'Slider 1 Zigzag', '2017-11-13 04:47:20', '2018-01-04 08:11:49'),
(2, 'Testing Zigzag Slider 2', '2017-12-08 09:27:41', '2018-01-04 08:17:26');

-- --------------------------------------------------------

--
-- Table structure for table `zigzag_social_customer`
--

CREATE TABLE `zigzag_social_customer` (
  `idSOCIAL` int(11) NOT NULL,
  `idCUSTOMER` int(11) NOT NULL,
  `facebooknameSOCIAL` varchar(225) NOT NULL,
  `instagramnameSOCIAL` varchar(225) NOT NULL,
  `createdateSOCIAL` timestamp NOT NULL DEFAULT CURRENT_TIMESTAMP,
  `updatedateSOCIAL` timestamp NOT NULL DEFAULT '0000-00-00 00:00:00' ON UPDATE CURRENT_TIMESTAMP
) ENGINE=InnoDB DEFAULT CHARSET=latin1;

--
-- Dumping data for table `zigzag_social_customer`
--

INSERT INTO `zigzag_social_customer` (`idSOCIAL`, `idCUSTOMER`, `facebooknameSOCIAL`, `instagramnameSOCIAL`, `createdateSOCIAL`, `updatedateSOCIAL`) VALUES
(1, 2, 'andhana.utama', 'andhanautama', '2018-02-01 03:32:03', '2018-02-04 06:36:14'),
(2, 1, 'andhana.utama', 'andhanautama', '2018-02-05 04:10:38', '0000-00-00 00:00:00');

-- --------------------------------------------------------

--
-- Table structure for table `zigzag_users_admin`
--

CREATE TABLE `zigzag_users_admin` (
  `idADMIN` int(11) NOT NULL,
  `nameADMIN` varchar(80) NOT NULL,
  `emailADMIN` varchar(40) NOT NULL,
  `passwordADMIN` varchar(129) NOT NULL,
  `createdateADMIN` timestamp NOT NULL DEFAULT CURRENT_TIMESTAMP,
  `lastloginADMIN` datetime NOT NULL,
  `statusADMIN` int(1) NOT NULL,
  `is_adminADMIN` int(1) NOT NULL COMMENT '1 = Admin 2 = Not admin'
) ENGINE=InnoDB DEFAULT CHARSET=latin1;

--
-- Dumping data for table `zigzag_users_admin`
--

INSERT INTO `zigzag_users_admin` (`idADMIN`, `nameADMIN`, `emailADMIN`, `passwordADMIN`, `createdateADMIN`, `lastloginADMIN`, `statusADMIN`, `is_adminADMIN`) VALUES
(1, 'Superadmin ZIGZAG', 'admin@admin.com', '86d9be12ff519f8a1ff1feae425698cf314839eb304e419b90d7092eec7f3051702718c5d3a032843846cf252528669331447b729dc6132144c296359c79f65a', '2018-01-03 12:50:28', '2018-01-10 08:58:57', 1, 1);

-- --------------------------------------------------------

--
-- Table structure for table `zigzag_visitor`
--

CREATE TABLE `zigzag_visitor` (
  `idVISITOR` int(11) NOT NULL,
  `ipVISITOR` varchar(18) NOT NULL,
  `dateVISITOR` date NOT NULL
) ENGINE=MyISAM DEFAULT CHARSET=latin1;

-- --------------------------------------------------------

--
-- Table structure for table `zigzag_wish`
--

CREATE TABLE `zigzag_wish` (
  `idWISH` int(11) NOT NULL,
  `idBARANG` int(11) NOT NULL,
  `idCUSTOMER` int(11) NOT NULL,
  `createdateWISH` timestamp NOT NULL DEFAULT CURRENT_TIMESTAMP,
  `updatedateWISH` timestamp NOT NULL DEFAULT '0000-00-00 00:00:00' ON UPDATE CURRENT_TIMESTAMP
) ENGINE=InnoDB DEFAULT CHARSET=latin1;

--
-- Indexes for dumped tables
--

--
-- Indexes for table `zigzag_attempts_admin`
--
ALTER TABLE `zigzag_attempts_admin`
  ADD PRIMARY KEY (`idATTEMPTS`);

--
-- Indexes for table `zigzag_attempts_customer`
--
ALTER TABLE `zigzag_attempts_customer`
  ADD PRIMARY KEY (`idATTEMPTS`);

--
-- Indexes for table `zigzag_barang`
--
ALTER TABLE `zigzag_barang`
  ADD PRIMARY KEY (`idBARANG`);

--
-- Indexes for table `zigzag_category_barang`
--
ALTER TABLE `zigzag_category_barang`
  ADD PRIMARY KEY (`idCATEGORY`);

--
-- Indexes for table `zigzag_city`
--
ALTER TABLE `zigzag_city`
  ADD PRIMARY KEY (`idCITY`);

--
-- Indexes for table `zigzag_customer`
--
ALTER TABLE `zigzag_customer`
  ADD PRIMARY KEY (`idCUSTOMER`);

--
-- Indexes for table `zigzag_menus_admin`
--
ALTER TABLE `zigzag_menus_admin`
  ADD PRIMARY KEY (`idMENU`);

--
-- Indexes for table `zigzag_menus_admin_join_users_admin`
--
ALTER TABLE `zigzag_menus_admin_join_users_admin`
  ADD PRIMARY KEY (`idMENUSJOINADMIN`);

--
-- Indexes for table `zigzag_province`
--
ALTER TABLE `zigzag_province`
  ADD PRIMARY KEY (`idPROVINCE`);

--
-- Indexes for table `zigzag_sessions`
--
ALTER TABLE `zigzag_sessions`
  ADD PRIMARY KEY (`id`,`ip_address`),
  ADD KEY `ci_sessions_timestamp` (`timestamp`);

--
-- Indexes for table `zigzag_slider`
--
ALTER TABLE `zigzag_slider`
  ADD PRIMARY KEY (`idSLIDER`);

--
-- Indexes for table `zigzag_social_customer`
--
ALTER TABLE `zigzag_social_customer`
  ADD PRIMARY KEY (`idSOCIAL`);

--
-- Indexes for table `zigzag_users_admin`
--
ALTER TABLE `zigzag_users_admin`
  ADD PRIMARY KEY (`idADMIN`);

--
-- Indexes for table `zigzag_visitor`
--
ALTER TABLE `zigzag_visitor`
  ADD PRIMARY KEY (`idVISITOR`);

--
-- Indexes for table `zigzag_wish`
--
ALTER TABLE `zigzag_wish`
  ADD PRIMARY KEY (`idWISH`);

--
-- AUTO_INCREMENT for dumped tables
--

--
-- AUTO_INCREMENT for table `zigzag_attempts_admin`
--
ALTER TABLE `zigzag_attempts_admin`
  MODIFY `idATTEMPTS` int(11) NOT NULL AUTO_INCREMENT, AUTO_INCREMENT=7;
--
-- AUTO_INCREMENT for table `zigzag_attempts_customer`
--
ALTER TABLE `zigzag_attempts_customer`
  MODIFY `idATTEMPTS` int(11) NOT NULL AUTO_INCREMENT, AUTO_INCREMENT=2;
--
-- AUTO_INCREMENT for table `zigzag_barang`
--
ALTER TABLE `zigzag_barang`
  MODIFY `idBARANG` int(11) NOT NULL AUTO_INCREMENT, AUTO_INCREMENT=5;
--
-- AUTO_INCREMENT for table `zigzag_category_barang`
--
ALTER TABLE `zigzag_category_barang`
  MODIFY `idCATEGORY` int(11) NOT NULL AUTO_INCREMENT, AUTO_INCREMENT=15;
--
-- AUTO_INCREMENT for table `zigzag_city`
--
ALTER TABLE `zigzag_city`
  MODIFY `idCITY` int(11) NOT NULL AUTO_INCREMENT, AUTO_INCREMENT=513;
--
-- AUTO_INCREMENT for table `zigzag_customer`
--
ALTER TABLE `zigzag_customer`
  MODIFY `idCUSTOMER` int(11) NOT NULL AUTO_INCREMENT, AUTO_INCREMENT=2;
--
-- AUTO_INCREMENT for table `zigzag_menus_admin`
--
ALTER TABLE `zigzag_menus_admin`
  MODIFY `idMENU` int(11) NOT NULL AUTO_INCREMENT, AUTO_INCREMENT=21;
--
-- AUTO_INCREMENT for table `zigzag_menus_admin_join_users_admin`
--
ALTER TABLE `zigzag_menus_admin_join_users_admin`
  MODIFY `idMENUSJOINADMIN` int(11) NOT NULL AUTO_INCREMENT, AUTO_INCREMENT=20;
--
-- AUTO_INCREMENT for table `zigzag_province`
--
ALTER TABLE `zigzag_province`
  MODIFY `idPROVINCE` int(11) NOT NULL AUTO_INCREMENT, AUTO_INCREMENT=36;
--
-- AUTO_INCREMENT for table `zigzag_slider`
--
ALTER TABLE `zigzag_slider`
  MODIFY `idSLIDER` int(11) NOT NULL AUTO_INCREMENT, AUTO_INCREMENT=3;
--
-- AUTO_INCREMENT for table `zigzag_social_customer`
--
ALTER TABLE `zigzag_social_customer`
  MODIFY `idSOCIAL` int(11) NOT NULL AUTO_INCREMENT, AUTO_INCREMENT=3;
--
-- AUTO_INCREMENT for table `zigzag_users_admin`
--
ALTER TABLE `zigzag_users_admin`
  MODIFY `idADMIN` int(11) NOT NULL AUTO_INCREMENT, AUTO_INCREMENT=2;
--
-- AUTO_INCREMENT for table `zigzag_visitor`
--
ALTER TABLE `zigzag_visitor`
  MODIFY `idVISITOR` int(11) NOT NULL AUTO_INCREMENT;
--
-- AUTO_INCREMENT for table `zigzag_wish`
--
ALTER TABLE `zigzag_wish`
  MODIFY `idWISH` int(11) NOT NULL AUTO_INCREMENT, AUTO_INCREMENT=15;
/*!40101 SET CHARACTER_SET_CLIENT=@OLD_CHARACTER_SET_CLIENT */;
/*!40101 SET CHARACTER_SET_RESULTS=@OLD_CHARACTER_SET_RESULTS */;
/*!40101 SET COLLATION_CONNECTION=@OLD_COLLATION_CONNECTION */;
